{
  "customerId": "999999999",
  "testDetails": {
    "2009": {
      "OBX_Hemogram": [
        {
          "timeStamp": 20090518161042,
          "observationDetails": {
            "OBX_Hemogram": "{\"Value_type\":\"NM\",\"Sequence_No\":2,\"Result_units_of_measurement\":\"U/L\",\"Observation_value\":52,\"Result_unit_reference_range\":\"30-120\",\"Observation_Analysis_date_and_time\":201108211438,\"Observation_identifier\":{\"Observation_Coding_System\":\"LN\",\"Observation_Text\":\"S Alkaline Phosphatase\",\"Observation_Test_id\":\"Alkaline phosphatase.liver\"},\"Observation_result_status\":\"C\",\"Observation_date_and_time\":201108191821}"
          }
        },
        {
          "timeStamp": 20090518161042,
          "observationDetails": {
            "OBX_Hemogram": "{\"Value_type\":\"NM\",\"Sequence_No\":1,\"Result_units_of_measurement\":\"g/dL\",\"Observation_value\":5,\"Result_unit_reference_range\":\"4-12\",\"Observation_Analysis_date_and_time\":201108211438,\"Observation_identifier\":{\"Observation_Coding_System\":\"LN\",\"Observation_Text\":\"Albumin SerPl-mCnc\",\"Observation_Test_id\":\"Albumin\"},\"Observation_result_status\":\"F\",\"Observation_date_and_time\":201108191821}"
          }
        }
      ]
    },
    "2011": {
      "OBX_ADULT": [
        {
          "timeStamp": 20110620233535,
          "observationDetails": {
            "OBX_ADULT": "{\"Value_type\":\"FT\",\"Observation_value\":\"{\\\\rtf1\\\\ansi \\\\deff1\\\\deflang1033\\\\ {\\\\fonttbl{\\\\f1\\\\fmodern\\\\fcharset0 Courier;}{\\\\f2\\\\fmodern\\\\fcharset0 Courier;}} \\\\pard\\\\plain \\\\f1\\\\fs18\\\\par 20Jun2011 23:35\\\\par VENTRICULAR RATE 61\\\\par Sinus rhythm\\\\par Premature atrial complexes\\\\par Otherwise normal ECG\\\\par When compared with ECG of 04-AUG-2010 12:14,\\\\par No significant change was found\\\\par 47507^'LASTNAME MD^'FIRSTNAME \\\\par }\",\"Observation_sub_id\":14,\"Observation_identifier\":{\"Observation_Coding_System\":\"CPT4\",\"Observation_Text\":\"ECG 12-LEAD\",\"Observation_Test_id\":93000},\"Observation_result_status\":\"F\",\"Abnormal_flags\":\"N\"}"
          }
        },
        {
          "timeStamp": 20110620233535,
          "observationDetails": {
            "OBX_ADULT": "{\"Value_type\":\"CE\",\"Observation_value\":{\"Observation_value.3\":\"MEIECG\",\"Observation_value.2\":\"Premature atrial complexes\",\"Observation_value.1\":222},\"Observation_sub_id\":8,\"Observation_identifier\":{\"Observation_Coding_System\":\"CPT4\",\"Observation_Test_id\":93000.15},\"Observation_result_status\":\"F\",\"Abnormal_flags\":\"N\"}"
          }
        },
        {
          "timeStamp": 20110620233535,
          "observationDetails": {
            "OBX_ADULT": "{\"Value_type\":\"ST\",\"Result_units_of_measurement\":\"/SEC\",\"Observation_value\":61,\"Observation_sub_id\":1,\"Observation_identifier\":{\"Observation_Coding_System\":\"CPT4\",\"Observation_Text\":\"VENTRICULAR RATE EKG/MIN\",\"Observation_Test_id\":93000.2},\"Observation_result_status\":\"F\",\"Abnormal_flags\":\"N\"}"
          }
        },
        {
          "timeStamp": 20110620233535,
          "observationDetails": {
            "OBX_ADULT": "{\"Value_type\":\"ST\",\"Result_units_of_measurement\":\"MSEC\",\"Observation_value\":195,\"Observation_sub_id\":2,\"Observation_identifier\":{\"Observation_Coding_System\":\"CPT4\",\"Observation_Text\":\"PR INTERVAL(MSEC)\",\"Observation_Test_id\":93000.4},\"Observation_result_status\":\"F\",\"Abnormal_flags\":\"N\"}"
          }
        },
        {
          "timeStamp": 20110620233535,
          "observationDetails": {
            "OBX_ADULT": "{\"Value_type\":\"ST\",\"Result_units_of_measurement\":\"MSEC\",\"Observation_value\":82,\"Observation_sub_id\":3,\"Observation_identifier\":{\"Observation_Coding_System\":\"CPT4\",\"Observation_Text\":\"QRS - INTERVAL(MSEC)\",\"Observation_Test_id\":93000.5},\"Observation_result_status\":\"F\",\"Abnormal_flags\":\"N\"}"
          }
        },
        {
          "timeStamp": 20110620233535,
          "observationDetails": {
            "OBX_ADULT": "{\"Value_type\":\"ST\",\"Result_units_of_measurement\":\"MSEC\",\"Observation_value\":426,\"Observation_sub_id\":4,\"Observation_identifier\":{\"Observation_Coding_System\":\"CPT4\",\"Observation_Text\":\"QT - INTERVAL(MSEC)\",\"Observation_Test_id\":93000.6},\"Observation_result_status\":\"F\",\"Abnormal_flags\":\"N\"}"
          }
        }
      ],
      "OBX_LIPID PROFILE": [
        {
          "timeStamp": 20110620233535,
          "observationDetails": {
            "OBX_LIPID PROFILE": "{\"Value_type\":\"NM\",\"Sequence_No\":1,\"Result_units_of_measurement\":\"MG/DL\",\"Observation_value\":49,\"Result_unit_reference_range\":\"0.000 - 100.000\",\"Effective_date_of_last_normal_observation\":{},\"Observation_identifier\":{\"Observation_Coding_System\":\"LOINC\",\"Observation_Text\":\"LDL (CALCULATED)\",\"Observation_Test_id\":\"Cholesterol.in LDL\"},\"Observation_result_status\":\"F\",\"Abnormal_flags\":\"N\"}"
          }
        },
        {
          "timeStamp": 20110620233535,
          "observationDetails": {
            "OBX_LIPID PROFILE": "{\"Value_type\":\"NM\",\"Sequence_No\":3,\"Result_units_of_measurement\":\"MG/DL\",\"Result_unit_reference_range\":\"45.000 - 150.000\",\"Observation_sub_id\":24,\"Effective_date_of_last_normal_observation\":{},\"Observation_identifier\":{\"Observation_Coding_System\":\"LOINC\",\"Observation_Text\":\"HDL\",\"Observation_Test_id\":\"Cholesterol.in HDL\"},\"Observation_result_status\":\"F\",\"Abnormal_flags\":\"L\"}"
          }
        },
        {
          "timeStamp": 20110620233535,
          "observationDetails": {
            "OBX_LIPID PROFILE": "{\"Value_type\":\"NM\",\"Sequence_No\":2,\"Result_units_of_measurement\":\"MG/DL\",\"Observation_value\":138,\"Result_unit_reference_range\":\"100.000 - 200.000\",\"Effective_date_of_last_normal_observation\":{},\"Observation_identifier\":{\"Observation_Coding_System\":\"LOINC\",\"Observation_Text\":\"CHOLESTEROL\",\"Observation_Test_id\":\"Cholesterol\"},\"Observation_result_status\":\"F\",\"Abnormal_flags\":\"N\"}"
          }
        },
        {
          "timeStamp": 20110620233535,
          "observationDetails": {
            "OBX_LIPID PROFILE": "{\"Value_type\":\"NM\",\"Sequence_No\":4,\"Result_units_of_measurement\":\"MG/DL\",\"Observation_value\":324,\"Result_unit_reference_range\":\"0.000 - 150.000\",\"Effective_date_of_last_normal_observation\":{},\"Observation_identifier\":{\"Observation_Coding_System\":\"LOINC\",\"Observation_Text\":\"TRIGLYCERIDES\",\"Observation_Test_id\":\"Triglyceride\"},\"Observation_result_status\":\"F\",\"Abnormal_flags\":\"H\"}"
          }
        }
      ]
    },
    "2012": {
      "OBX_Sample OBR ID": [
        {
          "timeStamp": 20121215111300,
          "observationDetails": {
            "OBX_Sample OBR ID": "{\"Value_type\":\"ST\",\"Sequence_No\":10,\"Observation_value\":\"Clear\",\"Observation_sub_id\":1,\"Observation_identifier\":{\"Observation_Text\":\"CLA\"},\"Observation_method\":{},\"Observation_result_status\":\"F\",\"Observation_date_and_time\":20121215111300}"
          }
        }
      ],
      "OBX_Sample Report": [
        {
          "timeStamp": 20121215111300,
          "observationDetails": {
            "OBX_Sample Report": "{\"Value_type\":\"ST\",\"Sequence_No\":10,\"Observation_value\":\"Clear\",\"Observation_sub_id\":1,\"Observation_identifier\":{\"Observation_Text\":\"CLA\"},\"Observation_method\":{},\"Observation_result_status\":\"F\",\"Observation_date_and_time\":20121215111300,\"Abnormal_flags\":\"N\"}"
          }
        }
      ]
    },
    "2015": {
      "OBX_ADULT": [
        {
          "timeStamp": 20150620233535,
          "observationDetails": {
            "OBX_ADULT": "{\"Value_type\":\"FT\",\"Observation_value\":\"{ansi deflang1033fonttbl{fmodernf2fcharset0 Courier;}} plain fs18par VENTRICULAR RATE 61par Premature atrial complexespar When compared with ECG of 04-AUG-2010 12:14,par 47507`S`'LASTNAME MD`S`'FIRSTNAME \\\\par }\",\"Observation_sub_id\":14,\"Observation_identifier\":{\"Observation_Coding_System\":\"CPT4\",\"Observation_Text\":\"ECG 12-LEAD\",\"Observation_Test_id\":93000},\"Observation_result_status\":\"F\",\"Abnormal_flags\":\"N\"}"
          }
        },
        {
          "timeStamp": 20150620233535,
          "observationDetails": {
            "OBX_ADULT": "{\"Value_type\":\"CE\",\"Observation_value\":{\"Observation_value.3\":\"MEIECG\",\"Observation_value.2\":\"Premature atrial complexes\",\"Observation_value.1\":222},\"Observation_sub_id\":8,\"Observation_identifier\":{\"Observation_Coding_System\":\"CPT4\",\"Observation_Test_id\":93000.15},\"Observation_result_status\":\"F\",\"Abnormal_flags\":\"N\"}"
          }
        },
        {
          "timeStamp": 20150620233535,
          "observationDetails": {
            "OBX_ADULT": "{\"Value_type\":\"ST\",\"Result_units_of_measurement\":\"/SEC\",\"Observation_value\":61,\"Observation_sub_id\":1,\"Observation_identifier\":{\"Observation_Coding_System\":\"CPT4\",\"Observation_Text\":\"VENTRICULAR RATE EKG/MIN\",\"Observation_Test_id\":93000.2},\"Observation_result_status\":\"F\",\"Abnormal_flags\":\"N\"}"
          }
        },
        {
          "timeStamp": 20150620233535,
          "observationDetails": {
            "OBX_ADULT": "{\"Value_type\":\"ST\",\"Result_units_of_measurement\":\"MSEC\",\"Observation_value\":195,\"Observation_sub_id\":2,\"Observation_identifier\":{\"Observation_Coding_System\":\"CPT4\",\"Observation_Text\":\"PR INTERVAL(MSEC)\",\"Observation_Test_id\":93000.4},\"Observation_result_status\":\"F\",\"Abnormal_flags\":\"N\"}"
          }
        },
        {
          "timeStamp": 20150620233535,
          "observationDetails": {
            "OBX_ADULT": "{\"Value_type\":\"ST\",\"Result_units_of_measurement\":\"MSEC\",\"Observation_value\":82,\"Observation_sub_id\":3,\"Observation_identifier\":{\"Observation_Coding_System\":\"CPT4\",\"Observation_Text\":\"QRS - INTERVAL(MSEC)\",\"Observation_Test_id\":93000.5},\"Observation_result_status\":\"F\",\"Abnormal_flags\":\"N\"}"
          }
        },
        {
          "timeStamp": 20150620233535,
          "observationDetails": {
            "OBX_ADULT": "{\"Value_type\":\"ST\",\"Result_units_of_measurement\":\"MSEC\",\"Observation_value\":426,\"Observation_sub_id\":4,\"Observation_identifier\":{\"Observation_Coding_System\":\"CPT4\",\"Observation_Text\":\"QT - INTERVAL(MSEC)\",\"Observation_Test_id\":93000.6},\"Observation_result_status\":\"F\",\"Abnormal_flags\":\"N\"}"
          }
        }
      ]
    }
  },
  "flagDetails": {
    "Buttocks": "R",
    "Shoulder_s": "R",
    "Back_Upper": "R",
    "Brain": "G",
    "Chest": "G",
    "Eye_s": "G",
    "Back_Lower": "G",
    "Other Parts": "R",
    "Thumb": "G",
    "Teeth": "R",
    "Finger_s": "R",
    "Hand": "R",
    "Hip": "R",
    "heart": "G",
    "Abdomen": "G",
    "leg": "G",
    "Ankle": "G",
    "Wrist": "R",
    "Head_Soft_Tissue": "G",
    "Arm_Upper": "G",
    "Leg_Lower": "G",
    "Neck_Soft_Tissue": "G"
  }
}