{  
   "customerId":"199999999",
   "testDetails":{  
      "2016":{  
         "UrineAnalysis":[  
            {  
               "timeStamp":20160109263456,
               "observationDetails":{  
                  "UrineAnalysis":"{\"Value_type\":\"NM\",\"Sequence_No\":1,\"Result_units_of_measurement\":\"mg\/dL\",\"Observation_value\":250,\"Result_unit_reference_range\":\"0 - 0.80\",\"Observation_sub_id\":0.92,\"Observation_identifier\":{\"Observation_Text\":\"GLU\",\"Observation_Test_id\":\"5-Fluorocytosine\"},\"Observation_method\":{},\"Observation_result_status\":\"F\",\"Observation_date_and_time\":20121215111300,\"Abnormal_flags\":\"H\"}"
               }
            },
            {  
               "timeStamp":20160109263456,
               "observationDetails":{  
                  "UrineAnalysis":"{\"Value_type\":\"ST\",\"Sequence_No\":2,\"Observation_value\":110,\"Result_unit_reference_range\":\"20 - 80\",\"Observation_sub_id\":1,\"Observation_identifier\":{\"Observation_Text\":\"KET\",\"Observation_Test_id\":\"Ketones^post CFst\"},\"Observation_method\":{},\"Observation_result_status\":\"F\",\"Observation_date_and_time\":20121215111300,\"Abnormal_flags\":\"NEG\"}"
               }
            },
            {  
               "timeStamp":20160109263456,
               "observationDetails":{  
                  "UrineAnalysis":"{\"Value_type\":\"ST\",\"Sequence_No\":3,\"Observation_value\":1.045,\"Result_unit_reference_range\":\"1.002 - 1.030\",\"Observation_sub_id\":1,\"Observation_identifier\":{\"Observation_Text\":\"SG\",\"Observation_Test_id\":\"Specific gravity\"},\"Observation_method\":{},\"Observation_result_status\":\"F\",\"Observation_date_and_time\":20121215111300,\"Abnormal_flags\":\"H\"}"
               }
            },
            {  
               "timeStamp":20160109263456,
               "observationDetails":{  
                  "UrineAnalysis":"{\"Value_type\":\"ST\",\"Sequence_No\":2,\"Observation_value\":110,\"Result_unit_reference_range\":\"20 - 80\",\"Observation_sub_id\":1,\"Observation_identifier\":{\"Observation_Text\":\"KET\",\"Observation_Test_id\":\"Ketones^post CFst\"},\"Observation_method\":{},\"Observation_result_status\":\"F\",\"Observation_date_and_time\":20121215111300,\"Abnormal_flags\":\"NEG\"}"
               }
            },
            {  
               "timeStamp":20160109263456,
               "observationDetails":{  
                  "UrineAnalysis":"{\"Value_type\":\"ST\",\"Sequence_No\":3,\"Observation_value\":1.045,\"Result_unit_reference_range\":\"1.002 - 1.030\",\"Observation_sub_id\":1,\"Observation_identifier\":{\"Observation_Text\":\"SG\",\"Observation_Test_id\":\"Specific gravity\"},\"Observation_method\":{},\"Observation_result_status\":\"F\",\"Observation_date_and_time\":20121215111300,\"Abnormal_flags\":\"H\"}"
               }
            }
         ],
         "LipidProfile":[  
            {  
               "timeStamp":"20160812150201",
               "observationDetails":{  
                  "LipidProfile":"{\"Producer_id\":\"lab\",\"Value_type\":\"NM\",\"Sequence_No\":13,\"Result_units_of_measurement\":\"g\/dl\",\"Observation_value\":32,\"Result_unit_reference_range\":\"32-35\",\"Observation_identifier\":{\"Observation_Text\":\"Mchc\",\"Observation_Test_id\":\"mchc\"},\"Observation_method\":{},\"Observation_result_status\":\"F\",\"Observation_date_and_time\":20160812150201,\"Responsible_observer\":{\"Responsible_observer.1\":12,\"Responsible_observer.2\":\"XYZ LAB\"}}"
               }
            },
            {  
               "timeStamp":"20160812150201",
               "observationDetails":{  
                  "LipidProfile":"{\"Producer_id\":\"lab\",\"Value_type\":\"NM\",\"Sequence_No\":11,\"Result_units_of_measurement\":\"fl\",\"Observation_value\":80,\"Result_unit_reference_range\":\"77-98\",\"Observation_identifier\":{\"Observation_Coding_System\":\"Local\",\"Observation_Text\":\"Mcv\",\"OBX.3.5\":\"Mcv\",\"OBX.3.4\":\"787-2\",\"OBX.3.6\":\"LN\",\"Observation_Test_id\":\"mcv\"},\"Observation_method\":{},\"Observation_result_status\":\"F\",\"Observation_date_and_time\":20160812150201,\"Responsible_observer\":{\"Responsible_observer.1\":12,\"Responsible_observer.2\":\"XYZ LAB\"}}"
               }
            },
            {  
               "timeStamp":"20160812150201",
               "observationDetails":{  
                  "LipidProfile":"{\"Producer_id\":\"lab\",\"Value_type\":\"NM\",\"Sequence_No\":4,\"Result_units_of_measurement\":\"%\",\"Observation_value\":16,\"Result_unit_reference_range\":\"4-15\",\"Observation_identifier\":{\"Observation_Coding_System\":\"Local\",\"Observation_Text\":\"Monos\",\"OBX.3.5\":\"Monos\",\"OBX.3.4\":\"5905-5\",\"OBX.3.6\":\"LN\",\"Observation_Test_id\":\"monos\"},\"Observation_method\":{},\"Observation_result_status\":\"F\",\"Observation_date_and_time\":20160812150201,\"Abnormal_flags\":\"H\",\"Responsible_observer\":{\"Responsible_observer.1\":12,\"Responsible_observer.2\":\"XYZ LAB\"}}"
               }
            },
            {  
               "timeStamp":"20160812150201",
               "observationDetails":{  
                  "LipidProfile":"{\"Producer_id\":\"lab\",\"Value_type\":\"NM\",\"Sequence_No\":2,\"Result_units_of_measurement\":\"%\",\"Observation_value\":38,\"Result_unit_reference_range\":\"40-82\",\"Observation_identifier\":{\"Observation_Coding_System\":\"Local\",\"Observation_Text\":\"Neutros\",\"OBX.3.5\":\"Neutros\",\"OBX.3.4\":\"770-8\",\"OBX.3.6\":\"LN\",\"Observation_Test_id\":\"neutros\"},\"Observation_method\":{},\"Observation_result_status\":\"F\",\"Observation_date_and_time\":20160812150201,\"Abnormal_flags\":\"L\",\"Responsible_observer\":{\"Responsible_observer.1\":12,\"Responsible_observer.2\":\"XYZ LAB\"}}"
               }
            },
            {  
               "timeStamp":"20160812150201",
               "observationDetails":{  
                  "LipidProfile":"{\"Producer_id\":\"lab\",\"Value_type\":\"NM\",\"Sequence_No\":8,\"Result_units_of_measurement\":\"\/pl\",\"Observation_value\":4.02,\"Result_unit_reference_range\":\"4.07-4.92\",\"Observation_identifier\":{\"Observation_Coding_System\":\"Local\",\"Observation_Text\":\"Rbc\",\"OBX.3.5\":\"Rbc\",\"OBX.3.4\":\"789-8\",\"OBX.3.6\":\"LN\",\"Observation_Test_id\":\"rbc\"},\"Observation_method\":{},\"Observation_result_status\":\"F\",\"Observation_date_and_time\":20160812150201,\"Abnormal_flags\":\"L\",\"Responsible_observer\":{\"Responsible_observer.1\":12,\"Responsible_observer.2\":\"XYZ LAB\"}}"
               }
            },
            {  
               "timeStamp":"20160812150201",
               "observationDetails":{  
                  "LipidProfile":"{\"Producer_id\":\"lab\",\"Value_type\":\"NM\",\"Sequence_No\":1,\"Result_units_of_measurement\":\"\/nl\",\"Observation_value\":17,\"Result_unit_reference_range\":\"3.8-11.0\",\"Observation_identifier\":{\"Observation_Coding_System\":\"Local\",\"Observation_Text\":\"Wbc\",\"OBX.3.5\":\"Wbc\",\"OBX.3.4\":\"6690-2\",\"OBX.3.6\":\"LN\",\"Observation_Test_id\":\"wbc\"},\"Observation_method\":{},\"Observation_result_status\":\"F\",\"Observation_date_and_time\":20160812150201,\"Abnormal_flags\":\"H\",\"Responsible_observer\":{\"Responsible_observer.1\":12,\"Responsible_observer.2\":\"XYZ LAB\"}}"
               }
            }
         ]
      },
      "2015":{  
         "UrineAnalysis":[  
            {  
               "timeStamp":20150703234648,
               "observationDetails":{  
                  "UrineAnalysis":"{\"Value_type\":\"NM\",\"Sequence_No\":1,\"Result_units_of_measurement\":\"mg\/dL\",\"Observation_value\":250,\"Result_unit_reference_range\":\"0 - 0.80\",\"Observation_sub_id\":0.65,\"Observation_identifier\":{\"Observation_Text\":\"GLU\",\"Observation_Test_id\":\"5-Fluorocytosine\"},\"Observation_method\":{},\"Observation_result_status\":\"F\",\"Observation_date_and_time\":20121215111300,\"Abnormal_flags\":\"H\"}"
               }
            },
            {  
               "timeStamp":20150703234648,
               "observationDetails":{  
                  "UrineAnalysis":"{\"Value_type\":\"ST\",\"Sequence_No\":2,\"Observation_value\":10,\"Result_unit_reference_range\":\"20 - 80\",\"Observation_sub_id\":1,\"Observation_identifier\":{\"Observation_Text\":\"KET\",\"Observation_Test_id\":\"Ketones^post CFst\"},\"Observation_method\":{},\"Observation_result_status\":\"F\",\"Observation_date_and_time\":20121215111300,\"Abnormal_flags\":\"NEG\"}"
               }
            },
            {  
               "timeStamp":20150703234648,
               "observationDetails":{  
                  "UrineAnalysis":"{\"Value_type\":\"ST\",\"Sequence_No\":3,\"Observation_value\":1.017,\"Result_unit_reference_range\":\"1.002 - 1.030\",\"Observation_sub_id\":1,\"Observation_identifier\":{\"Observation_Text\":\"SG\",\"Observation_Test_id\":\"Specific gravity\"},\"Observation_method\":{},\"Observation_result_status\":\"F\",\"Observation_date_and_time\":20121215111300,\"Abnormal_flags\":\"H\"}"
               }
            },
            {  
               "timeStamp":20150703234648,
               "observationDetails":{  
                  "UrineAnalysis":"{\"Value_type\":\"ST\",\"Sequence_No\":2,\"Observation_value\":10,\"Result_unit_reference_range\":\"20 - 80\",\"Observation_sub_id\":1,\"Observation_identifier\":{\"Observation_Text\":\"KET\",\"Observation_Test_id\":\"Ketones^post CFst\"},\"Observation_method\":{},\"Observation_result_status\":\"F\",\"Observation_date_and_time\":20121215111300,\"Abnormal_flags\":\"NEG\"}"
               }
            },
            {  
               "timeStamp":20150703234648,
               "observationDetails":{  
                  "UrineAnalysis":"{\"Value_type\":\"ST\",\"Sequence_No\":3,\"Observation_value\":1.017,\"Result_unit_reference_range\":\"1.002 - 1.030\",\"Observation_sub_id\":1,\"Observation_identifier\":{\"Observation_Text\":\"SG\",\"Observation_Test_id\":\"Specific gravity\"},\"Observation_method\":{},\"Observation_result_status\":\"F\",\"Observation_date_and_time\":20121215111300,\"Abnormal_flags\":\"H\"}"
               }
            }
         ],
         "LipidProfile":[  
            {  
               "timeStamp":"20150711160200",
               "observationDetails":{  
                  "LipidProfile":"{\"Producer_id\":\"lab\",\"Value_type\":\"NM\",\"Sequence_No\":6,\"Result_units_of_measurement\":\"%\",\"Observation_value\":0,\"Result_unit_reference_range\":\"0-1\",\"Observation_identifier\":{\"Observation_Coding_System\":\"Local\",\"Observation_Text\":\"Baso\",\"OBX.3.5\":\"Baso\",\"OBX.3.4\":\"706-2\",\"OBX.3.6\":\"LN\",\"Observation_Test_id\":\"baso\"},\"Observation_method\":{},\"Observation_result_status\":\"F\",\"Observation_date_and_time\":20150711160200,\"Responsible_observer\":{\"Responsible_observer.1\":12,\"Responsible_observer.2\":\"XYZ LAB\"}}"
               }
            },
            {  
               "timeStamp":"20150711160200",
               "observationDetails":{  
                  "LipidProfile":"{\"Producer_id\":\"lab\",\"Value_type\":\"NM\",\"Sequence_No\":5,\"Result_units_of_measurement\":\"%\",\"Observation_value\":9,\"Result_unit_reference_range\":\"0-8\",\"Observation_identifier\":{\"Observation_Coding_System\":\"Local\",\"Observation_Text\":\"Eos\",\"OBX.3.5\":\"Eos\",\"OBX.3.4\":\"713-8\",\"OBX.3.6\":\"LN\",\"Observation_Test_id\":\"eo\"},\"Observation_method\":{},\"Observation_result_status\":\"F\",\"Observation_date_and_time\":20150711160200,\"Abnormal_flags\":\"H\",\"Responsible_observer\":{\"Responsible_observer.1\":12,\"Responsible_observer.2\":\"XYZ LAB\"}}"
               }
            },
            {  
               "timeStamp":"20150711160200",
               "observationDetails":{  
                  "LipidProfile":"{\"Producer_id\":\"lab\",\"Value_type\":\"NM\",\"Sequence_No\":10,\"Result_units_of_measurement\":\"%\",\"Observation_value\":44,\"Result_unit_reference_range\":\"34-43\",\"Observation_identifier\":{\"Observation_Coding_System\":\"Local\",\"Observation_Text\":\"Hct\",\"OBX.3.5\":\"Hct\",\"OBX.3.4\":\"4544-3\",\"OBX.3.6\":\"LN\",\"Observation_Test_id\":\"hct\"},\"Observation_method\":{},\"Observation_result_status\":\"F\",\"Observation_date_and_time\":20150711160200,\"Abnormal_flags\":\"H\",\"Responsible_observer\":{\"Responsible_observer.1\":12,\"Responsible_observer.2\":\"XYZ LAB\"}}"
               }
            },
            {  
               "timeStamp":"20150711160200",
               "observationDetails":{  
                  "LipidProfile":"{\"Producer_id\":\"lab\",\"Value_type\":\"NM\",\"Sequence_No\":9,\"Result_units_of_measurement\":\"g\/dl\",\"Observation_value\":11.7,\"Result_unit_reference_range\":\"12.0-14.1\",\"Observation_identifier\":{\"Observation_Coding_System\":\"Local\",\"Observation_Text\":\"Hgb\",\"OBX.3.5\":\"Hgb\",\"OBX.3.4\":\"718-7\",\"OBX.3.6\":\"LN\",\"Observation_Test_id\":\"hgb\"},\"Observation_method\":{},\"Observation_result_status\":\"F\",\"Observation_date_and_time\":20150711160200,\"Abnormal_flags\":\"L\",\"Responsible_observer\":{\"Responsible_observer.1\":12,\"Responsible_observer.2\":\"XYZ LAB\"}}"
               }
            },
            {  
               "timeStamp":"20150711160200",
               "observationDetails":{  
                  "LipidProfile":"{\"Producer_id\":\"lab\",\"Value_type\":\"NM\",\"Sequence_No\":7,\"Result_units_of_measurement\":\"%\",\"Observation_value\":0,\"Result_unit_reference_range\":\"0-2\",\"Observation_identifier\":{\"Observation_Coding_System\":\"Local\",\"Observation_Text\":\"Imm Gran\",\"OBX.3.5\":\"Imm Gran\",\"OBX.3.4\":\"38518-7\",\"OBX.3.6\":\"LN\",\"Observation_Test_id\":\"ig\"},\"Observation_method\":{},\"Observation_result_status\":\"F\",\"Observation_date_and_time\":20150711160200,\"Responsible_observer\":{\"Responsible_observer.1\":12,\"Responsible_observer.2\":\"XYZ LAB\"}}"
               }
            },
            {  
               "timeStamp":"20150711160200",
               "observationDetails":{  
                  "LipidProfile":"{\"Producer_id\":\"lab\",\"Value_type\":\"NM\",\"Sequence_No\":3,\"Result_units_of_measurement\":\"%\",\"Observation_value\":50,\"Result_unit_reference_range\":\"11-47\",\"Observation_identifier\":{\"Observation_Coding_System\":\"Local\",\"Observation_Text\":\"Lymphs\",\"OBX.3.5\":\"Lymphs\",\"OBX.3.4\":\"736-9\",\"OBX.3.6\":\"LN\",\"Observation_Test_id\":\"lymphs\"},\"Observation_method\":{},\"Observation_result_status\":\"F\",\"Observation_date_and_time\":20150711160200,\"Abnormal_flags\":\"A\",\"Responsible_observer\":{\"Responsible_observer.1\":12,\"Responsible_observer.2\":\"XYZ LAB\"}}"
               }
            },
            {  
               "timeStamp":"20150711160200",
               "observationDetails":{  
                  "LipidProfile":"{\"Producer_id\":\"lab\",\"Value_type\":\"NM\",\"Sequence_No\":3,\"Result_units_of_measurement\":\"%\",\"Observation_value\":50,\"Result_unit_reference_range\":\"11-47\",\"Observation_identifier\":{\"Observation_Coding_System\":\"Local\",\"Observation_Text\":\"Lymphs\",\"OBX.3.5\":\"Lymphs\",\"OBX.3.4\":\"736-9\",\"OBX.3.6\":\"LN\",\"Observation_Test_id\":\"lymphs\"},\"Observation_method\":{},\"Observation_result_status\":\"F\",\"Observation_date_and_time\":20150711160200,\"Abnormal_flags\":\"A\",\"Responsible_observer\":{\"Responsible_observer.1\":12,\"Responsible_observer.2\":\"XYZ LAB\"}}"
               }
            },
            {  
               "timeStamp":"20150711160200",
               "observationDetails":{  
                  "LipidProfile":"{\"Producer_id\":\"lab\",\"Value_type\":\"NM\",\"Sequence_No\":2,\"Result_units_of_measurement\":\"%\",\"Observation_value\":38,\"Result_unit_reference_range\":\"40-82\",\"Observation_identifier\":{\"Observation_Coding_System\":\"Local\",\"Observation_Text\":\"Neutros\",\"OBX.3.5\":\"Neutros\",\"OBX.3.4\":\"770-8\",\"OBX.3.6\":\"LN\",\"Observation_Test_id\":\"neutros\"},\"Observation_method\":{},\"Observation_result_status\":\"F\",\"Observation_date_and_time\":20150711160200,\"Abnormal_flags\":\"L\",\"Responsible_observer\":{\"Responsible_observer.1\":12,\"Responsible_observer.2\":\"XYZ LAB\"}}"
               }
            },
            {  
               "timeStamp":"20150711160200",
               "observationDetails":{  
                  "LipidProfile":"{\"Producer_id\":\"lab\",\"Value_type\":\"NM\",\"Sequence_No\":14,\"Result_units_of_measurement\":\"\/nl\",\"Observation_value\":100,\"Result_unit_reference_range\":\"140-400\",\"Observation_identifier\":{\"Observation_Text\":\"Platelets\",\"Observation_Test_id\":\"plt\"},\"Observation_method\":{},\"Observation_result_status\":\"F\",\"Observation_date_and_time\":20150711160200,\"Abnormal_flags\":\"L\",\"Responsible_observer\":{\"Responsible_observer.1\":12,\"Responsible_observer.2\":\"XYZ LAB\"}}"
               }
            },
            {  
               "timeStamp":"20150711160200",
               "observationDetails":{  
                  "LipidProfile":"{\"Producer_id\":\"lab\",\"Value_type\":\"NM\",\"Sequence_No\":8,\"Result_units_of_measurement\":\"\/pl\",\"Observation_value\":4.02,\"Result_unit_reference_range\":\"4.07-4.92\",\"Observation_identifier\":{\"Observation_Coding_System\":\"Local\",\"Observation_Text\":\"Rbc\",\"OBX.3.5\":\"Rbc\",\"OBX.3.4\":\"789-8\",\"OBX.3.6\":\"LN\",\"Observation_Test_id\":\"rbc\"},\"Observation_method\":{},\"Observation_result_status\":\"F\",\"Observation_date_and_time\":20150711160200,\"Abnormal_flags\":\"L\",\"Responsible_observer\":{\"Responsible_observer.1\":12,\"Responsible_observer.2\":\"XYZ LAB\"}}"
               }
            }
         ]
      },
      "2013":{  
         "LipidProfile":[  
            {  
               "timeStamp":"20130510160227",
               "observationDetails":{  
                  "LipidProfile":"{\"Producer_id\":\"lab\",\"Value_type\":\"NM\",\"Sequence_No\":6,\"Result_units_of_measurement\":\"%\",\"Observation_value\":0,\"Result_unit_reference_range\":\"0-1\",\"Observation_identifier\":{\"Observation_Coding_System\":\"Local\",\"Observation_Text\":\"Baso\",\"OBX.3.5\":\"Baso\",\"OBX.3.4\":\"706-2\",\"OBX.3.6\":\"LN\",\"Observation_Test_id\":\"baso\"},\"Observation_method\":{},\"Observation_result_status\":\"F\",\"Observation_date_and_time\":20130510160227,\"Responsible_observer\":{\"Responsible_observer.1\":12,\"Responsible_observer.2\":\"XYZ LAB\"}}"
               }
            },
            {  
               "timeStamp":"20130510160227",
               "observationDetails":{  
                  "LipidProfile":"{\"Producer_id\":\"lab\",\"Value_type\":\"NM\",\"Sequence_No\":5,\"Result_units_of_measurement\":\"%\",\"Observation_value\":9,\"Result_unit_reference_range\":\"0-8\",\"Observation_identifier\":{\"Observation_Coding_System\":\"Local\",\"Observation_Text\":\"Eos\",\"OBX.3.5\":\"Eos\",\"OBX.3.4\":\"713-8\",\"OBX.3.6\":\"LN\",\"Observation_Test_id\":\"eo\"},\"Observation_method\":{},\"Observation_result_status\":\"F\",\"Observation_date_and_time\":20130510160227,\"Abnormal_flags\":\"H\",\"Responsible_observer\":{\"Responsible_observer.1\":12,\"Responsible_observer.2\":\"XYZ LAB\"}}"
               }
            },
            {  
               "timeStamp":"20130510160227",
               "observationDetails":{  
                  "LipidProfile":"{\"Producer_id\":\"lab\",\"Value_type\":\"NM\",\"Sequence_No\":10,\"Result_units_of_measurement\":\"%\",\"Observation_value\":44,\"Result_unit_reference_range\":\"34-43\",\"Observation_identifier\":{\"Observation_Coding_System\":\"Local\",\"Observation_Text\":\"Hct\",\"OBX.3.5\":\"Hct\",\"OBX.3.4\":\"4544-3\",\"OBX.3.6\":\"LN\",\"Observation_Test_id\":\"hct\"},\"Observation_method\":{},\"Observation_result_status\":\"F\",\"Observation_date_and_time\":20130510160227,\"Abnormal_flags\":\"H\",\"Responsible_observer\":{\"Responsible_observer.1\":12,\"Responsible_observer.2\":\"XYZ LAB\"}}"
               }
            },
            {  
               "timeStamp":"20130510160227",
               "observationDetails":{  
                  "LipidProfile":"{\"Producer_id\":\"lab\",\"Value_type\":\"NM\",\"Sequence_No\":9,\"Result_units_of_measurement\":\"g\/dl\",\"Observation_value\":11.7,\"Result_unit_reference_range\":\"12.0-14.1\",\"Observation_identifier\":{\"Observation_Coding_System\":\"Local\",\"Observation_Text\":\"Hgb\",\"OBX.3.5\":\"Hgb\",\"OBX.3.4\":\"718-7\",\"OBX.3.6\":\"LN\",\"Observation_Test_id\":\"hgb\"},\"Observation_method\":{},\"Observation_result_status\":\"F\",\"Observation_date_and_time\":20130510160227,\"Abnormal_flags\":\"L\",\"Responsible_observer\":{\"Responsible_observer.1\":12,\"Responsible_observer.2\":\"XYZ LAB\"}}"
               }
            },
            {  
               "timeStamp":"20130510160227",
               "observationDetails":{  
                  "LipidProfile":"{\"Producer_id\":\"lab\",\"Value_type\":\"NM\",\"Sequence_No\":7,\"Result_units_of_measurement\":\"%\",\"Observation_value\":0,\"Result_unit_reference_range\":\"0-2\",\"Observation_identifier\":{\"Observation_Coding_System\":\"Local\",\"Observation_Text\":\"Imm Gran\",\"OBX.3.5\":\"Imm Gran\",\"OBX.3.4\":\"38518-7\",\"OBX.3.6\":\"LN\",\"Observation_Test_id\":\"ig\"},\"Observation_method\":{},\"Observation_result_status\":\"F\",\"Observation_date_and_time\":20130510160227,\"Responsible_observer\":{\"Responsible_observer.1\":12,\"Responsible_observer.2\":\"XYZ LAB\"}}"
               }
            },
            {  
               "timeStamp":"20130510160227",
               "observationDetails":{  
                  "LipidProfile":"{\"Producer_id\":\"lab\",\"Value_type\":\"NM\",\"Sequence_No\":3,\"Result_units_of_measurement\":\"%\",\"Observation_value\":50,\"Result_unit_reference_range\":\"11-47\",\"Observation_identifier\":{\"Observation_Coding_System\":\"Local\",\"Observation_Text\":\"Lymphs\",\"OBX.3.5\":\"Lymphs\",\"OBX.3.4\":\"736-9\",\"OBX.3.6\":\"LN\",\"Observation_Test_id\":\"lymphs\"},\"Observation_method\":{},\"Observation_result_status\":\"F\",\"Observation_date_and_time\":20130510160227,\"Abnormal_flags\":\"A\",\"Responsible_observer\":{\"Responsible_observer.1\":12,\"Responsible_observer.2\":\"XYZ LAB\"}}"
               }
            },
            {  
               "timeStamp":"20130510160227",
               "observationDetails":{  
                  "LipidProfile":"{\"Producer_id\":\"lab\",\"Value_type\":\"NM\",\"Sequence_No\":12,\"Result_units_of_measurement\":\"pg\",\"Observation_value\":30,\"Result_unit_reference_range\":\"27-35\",\"Observation_identifier\":{\"Observation_Text\":\"Mch\",\"Observation_Test_id\":\"mch\"},\"Observation_method\":{},\"Observation_result_status\":\"F\",\"Observation_date_and_time\":20130510160227,\"Responsible_observer\":{\"Responsible_observer.1\":12,\"Responsible_observer.2\":\"XYZ LAB\"}}"
               }
            },
            {  
               "timeStamp":"20130510160227",
               "observationDetails":{  
                  "LipidProfile":"{\"Producer_id\":\"lab\",\"Value_type\":\"NM\",\"Sequence_No\":13,\"Result_units_of_measurement\":\"g\/dl\",\"Observation_value\":32,\"Result_unit_reference_range\":\"32-35\",\"Observation_identifier\":{\"Observation_Text\":\"Mchc\",\"Observation_Test_id\":\"mchc\"},\"Observation_method\":{},\"Observation_result_status\":\"F\",\"Observation_date_and_time\":20130510160227,\"Responsible_observer\":{\"Responsible_observer.1\":12,\"Responsible_observer.2\":\"XYZ LAB\"}}"
               }
            },
            {  
               "timeStamp":"20130510160227",
               "observationDetails":{  
                  "LipidProfile":"{\"Producer_id\":\"lab\",\"Value_type\":\"NM\",\"Sequence_No\":11,\"Result_units_of_measurement\":\"fl\",\"Observation_value\":80,\"Result_unit_reference_range\":\"77-98\",\"Observation_identifier\":{\"Observation_Coding_System\":\"Local\",\"Observation_Text\":\"Mcv\",\"OBX.3.5\":\"Mcv\",\"OBX.3.4\":\"787-2\",\"OBX.3.6\":\"LN\",\"Observation_Test_id\":\"mcv\"},\"Observation_method\":{},\"Observation_result_status\":\"F\",\"Observation_date_and_time\":20130510160227,\"Responsible_observer\":{\"Responsible_observer.1\":12,\"Responsible_observer.2\":\"XYZ LAB\"}}"
               }
            },
            {  
               "timeStamp":"20130510160227",
               "observationDetails":{  
                  "LipidProfile":"{\"Producer_id\":\"lab\",\"Value_type\":\"NM\",\"Sequence_No\":14,\"Result_units_of_measurement\":\"\/nl\",\"Observation_value\":100,\"Result_unit_reference_range\":\"140-400\",\"Observation_identifier\":{\"Observation_Text\":\"Platelets\",\"Observation_Test_id\":\"plt\"},\"Observation_method\":{},\"Observation_result_status\":\"F\",\"Observation_date_and_time\":20140610180200,\"Abnormal_flags\":\"L\",\"Responsible_observer\":{\"Responsible_observer.1\":12,\"Responsible_observer.2\":\"XYZ LAB\"}}"
               }
            }
         ]
      },
      "2012":{  
         "UrineAnalysis":[  
            {  
               "timeStamp":20120312060615,
               "observationDetails":{  
                  "UrineAnalysis":"{\"Value_type\":\"NM\",\"Sequence_No\":1,\"Result_units_of_measurement\":\"mg/dL\",\"Observation_value\":250,\"Result_unit_reference_range\":\"0 - 0.80\",\"Observation_sub_id\":0.95,\"Observation_identifier\":{\"Observation_Text\":\"GLU\",\"Observation_Test_id\":\"5-Fluorocytosine\"},\"Observation_method\":{},\"Observation_result_status\":\"F\",\"Observation_date_and_time\":20121215111300,\"Abnormal_flags\":\"H\"}"
               }
            },
            {  
               "timeStamp":20120312060615,
               "observationDetails":{  
                  "UrineAnalysis":"{\"Value_type\":[\"NM\",\"ST\"],\"Sequence_No\":[1,2],\"Result_units_of_measurement\":\"mg/dL\",\"Observation_value\":[250],\"Result_unit_reference_range\":[\"0 - 180\"],\"Observation_sub_id\":[0.95,1],\"Observation_identifier\":[{\"Observation_Text\":\"KET\",\"Observation_Test_id\":\"Ketones^post CFst\"}],\"Observation_method\":[{},{}],\"Observation_result_status\":[\"F\",\"F\"],\"Observation_date_and_time\":[20121215111300,20121215111300],\"Abnormal_flags\":[\"H\"]}"
               }
            },
            {  
               "timeStamp":20120312060615,
               "observationDetails":{  
                  "UrineAnalysis":"{\"Value_type\":\"NM\",\"Sequence_No\":1,\"Result_units_of_measurement\":\"mg/dL\",\"Observation_value\":250,\"Result_unit_reference_range\":\"0 - 0.80\",\"Observation_sub_id\":0.75,\"Observation_identifier\":{\"Observation_Text\":\"GLU\",\"Observation_Test_id\":\"5-Fluorocytosine\"},\"Observation_method\":{},\"Observation_result_status\":\"F\",\"Observation_date_and_time\":20121215111300,\"Abnormal_flags\":\"H\"}"
               }
            },
            {  
               "timeStamp":20120312060615,
               "observationDetails":{  
                  "UrineAnalysis":"{\"Value_type\":\"NM\",\"Sequence_No\":1,\"Result_units_of_measurement\":\"mg/dL\",\"Observation_value\":250,\"Result_unit_reference_range\":\"0 - 0.80\",\"Observation_sub_id\":0.75,\"Observation_identifier\":{\"Observation_Text\":\"GLU\",\"Observation_Test_id\":\"5-Fluorocytosine\"},\"Observation_method\":{},\"Observation_result_status\":\"F\",\"Observation_date_and_time\":20121215111300,\"Abnormal_flags\":\"H\"}"
               }
            },
            {  
               "timeStamp":20120312060615,
               "observationDetails":{  
                  "UrineAnalysis":"{\"Value_type\":\"NM\",\"Sequence_No\":1,\"Result_units_of_measurement\":\"mg/dL\",\"Observation_value\":250,\"Result_unit_reference_range\":\"0 - 0.80\",\"Observation_sub_id\":0.75,\"Observation_identifier\":{\"Observation_Text\":\"GLU\",\"Observation_Test_id\":\"5-Fluorocytosine\"},\"Observation_method\":{},\"Observation_result_status\":\"F\",\"Observation_date_and_time\":20121215111300,\"Abnormal_flags\":\"H\"}"
               }
            },
            {  
               "timeStamp":20120312060615,
               "observationDetails":{  
                  "UrineAnalysis":"{\"Value_type\":\"NM\",\"Sequence_No\":1,\"Result_units_of_measurement\":\"mg/dL\",\"Observation_value\":250,\"Result_unit_reference_range\":\"0 - 0.80\",\"Observation_sub_id\":1,\"Observation_identifier\":{\"Observation_Text\":\"GLU\",\"Observation_Test_id\":\"5-Fluorocytosine\"},\"Observation_method\":{},\"Observation_result_status\":\"F\",\"Observation_date_and_time\":20121215111300,\"Abnormal_flags\":\"H\"}"
               }
            },
            {  
               "timeStamp":20120312060615,
               "observationDetails":{  
                  "UrineAnalysis":"{\"Value_type\":[\"NM\",\"ST\"],\"Sequence_No\":[1,2],\"Result_units_of_measurement\":\"mg/dL\",\"Observation_value\":[250,90],\"Result_unit_reference_range\":[\"0 - 0.80\",\"20 - 80\"],\"Observation_sub_id\":[1,1],\"Observation_identifier\":[{\"Observation_Text\":\"GLU\",\"Observation_Test_id\":\"5-Fluorocytosine\"},{\"Observation_Text\":\"KET\",\"Observation_Test_id\":\"Ketones^post CFst\"}],\"Observation_method\":[{},{}],\"Observation_result_status\":[\"F\",\"F\"],\"Observation_date_and_time\":[20121215111300,20121215111300],\"Abnormal_flags\":[\"H\",\"NEG\"]}"
               }
            },
            {  
               "timeStamp":20110620233535,
               "observationDetails":{  
                  "UrineAnalysis":"{\"Value_type\":[\"NM\",\"ST\",\"ST\"],\"Sequence_No\":[1,2,3],\"Result_units_of_measurement\":\"mg/dL\",\"Observation_value\":[250,90,1.04],\"Result_unit_reference_range\":[\"0 - 0.80\",\"20 - 80\",\"1.002 - 1.030\"],\"Observation_sub_id\":[1,1,1],\"Observation_identifier\":[{\"Observation_Text\":\"GLU\",\"Observation_Test_id\":\"5-Fluorocytosine\"},{\"Observation_Text\":\"KET\",\"Observation_Test_id\":\"Ketones^post CFst\"},{\"Observation_Text\":\"SG\",\"Observation_Test_id\":\"Specific gravity\"}],\"Observation_method\":[{},{},{}],\"Observation_result_status\":[\"F\",\"F\",\"F\"],\"Observation_date_and_time\":[20121215111300,20121215111300,20121215111300],\"Abnormal_flags\":[\"H\",\"NEG\",\"H\"]}"
               }
            },
            {  
               "timeStamp":20120312060615,
               "observationDetails":{  
                  "UrineAnalysis":"{\"Value_type\":\"ST\",\"Sequence_No\":2,\"Observation_value\":90,\"Result_unit_reference_range\":\"20 - 80\",\"Observation_sub_id\":1,\"Observation_identifier\":{\"Observation_Text\":\"KET\",\"Observation_Test_id\":\"Ketones^post CFst\"},\"Observation_method\":{},\"Observation_result_status\":\"F\",\"Observation_date_and_time\":20121215111300,\"Abnormal_flags\":\"NEG\"}"
               }
            },
            {  
               "timeStamp":20120312060615,
               "observationDetails":{  
                  "UrineAnalysis":"{\"Value_type\":\"ST\",\"Sequence_No\":3,\"Observation_value\":1.04,\"Result_unit_reference_range\":\"1.002 - 1.030\",\"Observation_sub_id\":1,\"Observation_identifier\":{\"Observation_Text\":\"SG\",\"Observation_Test_id\":\"Specific gravity\"},\"Observation_method\":{},\"Observation_result_status\":\"F\",\"Observation_date_and_time\":20121215111300,\"Abnormal_flags\":\"H\"}"
               }
            },
            {  
               "timeStamp":20120312060615,
               "observationDetails":{  
                  "UrineAnalysis":"{\"Value_type\":\"NM\",\"Sequence_No\":1,\"Result_units_of_measurement\":\"mg/dL\",\"Observation_value\":250,\"Result_unit_reference_range\":\"0 - 0.80\",\"Observation_sub_id\":0.55,\"Observation_identifier\":{\"Observation_Text\":\"GLU\",\"Observation_Test_id\":\"5-Fluorocytosine\"},\"Observation_method\":{},\"Observation_result_status\":\"F\",\"Observation_date_and_time\":20121215111300,\"Abnormal_flags\":\"H\"}"
               }
            },
            {  
               "timeStamp":20120312060615,
               "observationDetails":{  
                  "UrineAnalysis":"{\"Value_type\":[\"NM\",\"ST\"],\"Sequence_No\":[1,2],\"Result_units_of_measurement\":\"mg/dL\",\"Observation_value\":[250,60],\"Result_unit_reference_range\":[\"0 - 0.80\",\"20 - 80\"],\"Observation_sub_id\":[0.55,1],\"Observation_identifier\":[{\"Observation_Text\":\"GLU\",\"Observation_Test_id\":\"5-Fluorocytosine\"},{\"Observation_Text\":\"KET\",\"Observation_Test_id\":\"Ketones^post CFst\"}],\"Observation_method\":[{},{}],\"Observation_result_status\":[\"F\",\"F\"],\"Observation_date_and_time\":[20121215111300,20121215111300],\"Abnormal_flags\":[\"H\",\"NEG\"]}"
               }
            },
            {  
               "timeStamp":20120312060615,
               "observationDetails":{  
                  "UrineAnalysis":"{\"Value_type\":[\"NM\",\"ST\",\"ST\"],\"Sequence_No\":[1,2,3],\"Result_units_of_measurement\":\"mg/dL\",\"Observation_value\":[250,60,1.07],\"Result_unit_reference_range\":[\"0 - 0.80\",\"20 - 80\",\"1.002 - 1.030\"],\"Observation_sub_id\":[0.55,1,1],\"Observation_identifier\":[{\"Observation_Text\":\"GLU\",\"Observation_Test_id\":\"5-Fluorocytosine\"},{\"Observation_Text\":\"KET\",\"Observation_Test_id\":\"Ketones^post CFst\"},{\"Observation_Text\":\"SG\",\"Observation_Test_id\":\"Specific gravity\"}],\"Observation_method\":[{},{},{}],\"Observation_result_status\":[\"F\",\"F\",\"F\"],\"Observation_date_and_time\":[20121215111300,20121215111300,20121215111300],\"Abnormal_flags\":[\"H\",\"NEG\",\"H\"]}"
               }
            },
            {  
               "timeStamp":20120312060615,
               "observationDetails":{  
                  "UrineAnalysis":"{\"Value_type\":\"ST\",\"Sequence_No\":2,\"Observation_value\":60,\"Result_unit_reference_range\":\"20 - 80\",\"Observation_sub_id\":1,\"Observation_identifier\":{\"Observation_Text\":\"KET\",\"Observation_Test_id\":\"Ketones^post CFst\"},\"Observation_method\":{},\"Observation_result_status\":\"F\",\"Observation_date_and_time\":20121215111300,\"Abnormal_flags\":\"NEG\"}"
               }
            },
            {  
               "timeStamp":20110811114354,
               "observationDetails":{  
                  "UrineAnalysis":"{\"Value_type\":\"ST\",\"Sequence_No\":3,\"Observation_value\":1.07,\"Result_unit_reference_range\":\"1.002 - 1.030\",\"Observation_sub_id\":1,\"Observation_identifier\":{\"Observation_Text\":\"SG\",\"Observation_Test_id\":\"Specific gravity\"},\"Observation_method\":{},\"Observation_result_status\":\"F\",\"Observation_date_and_time\":20121215111300,\"Abnormal_flags\":\"H\"}"
               }
            }
         ]
      },
      "2011":{  
         "UrineAnalysis":[  
            {  
               "timeStamp":20110312060615,
               "observationDetails":{  
                  "UrineAnalysis":"{\"Value_type\":\"NM\",\"Sequence_No\":1,\"Result_units_of_measurement\":\"mg/dL\",\"Observation_value\":250,\"Result_unit_reference_range\":\"0 - 0.80\",\"Observation_sub_id\":0.95,\"Observation_identifier\":{\"Observation_Text\":\"GLU\",\"Observation_Test_id\":\"5-Fluorocytosine\"},\"Observation_method\":{},\"Observation_result_status\":\"F\",\"Observation_date_and_time\":20121215111300,\"Abnormal_flags\":\"H\"}"
               }
            },
            {  
               "timeStamp":20110312060615,
               "observationDetails":{  
                  "UrineAnalysis":"{\"Value_type\":[\"NM\",\"ST\"],\"Sequence_No\":[1,2],\"Result_units_of_measurement\":\"mg/dL\",\"Observation_value\":[250],\"Result_unit_reference_range\":[\"0 - 180\"],\"Observation_sub_id\":[0.95,1],\"Observation_identifier\":[{\"Observation_Text\":\"KET\",\"Observation_Test_id\":\"Ketones^post CFst\"}],\"Observation_method\":[{},{}],\"Observation_result_status\":[\"F\",\"F\"],\"Observation_date_and_time\":[20121215111300,20121215111300],\"Abnormal_flags\":[\"H\"]}"
               }
            },
            {  
               "timeStamp":20110312060615,
               "observationDetails":{  
                  "UrineAnalysis":"{\"Value_type\":\"NM\",\"Sequence_No\":1,\"Result_units_of_measurement\":\"mg/dL\",\"Observation_value\":250,\"Result_unit_reference_range\":\"0 - 0.80\",\"Observation_sub_id\":0.75,\"Observation_identifier\":{\"Observation_Text\":\"GLU\",\"Observation_Test_id\":\"5-Fluorocytosine\"},\"Observation_method\":{},\"Observation_result_status\":\"F\",\"Observation_date_and_time\":20121215111300,\"Abnormal_flags\":\"H\"}"
               }
            },
            {  
               "timeStamp":20110312060615,
               "observationDetails":{  
                  "UrineAnalysis":"{\"Value_type\":\"NM\",\"Sequence_No\":1,\"Result_units_of_measurement\":\"mg/dL\",\"Observation_value\":250,\"Result_unit_reference_range\":\"0 - 0.80\",\"Observation_sub_id\":0.75,\"Observation_identifier\":{\"Observation_Text\":\"GLU\",\"Observation_Test_id\":\"5-Fluorocytosine\"},\"Observation_method\":{},\"Observation_result_status\":\"F\",\"Observation_date_and_time\":20121215111300,\"Abnormal_flags\":\"H\"}"
               }
            },
            {  
               "timeStamp":20110312060615,
               "observationDetails":{  
                  "UrineAnalysis":"{\"Value_type\":\"NM\",\"Sequence_No\":1,\"Result_units_of_measurement\":\"mg/dL\",\"Observation_value\":250,\"Result_unit_reference_range\":\"0 - 0.80\",\"Observation_sub_id\":0.75,\"Observation_identifier\":{\"Observation_Text\":\"GLU\",\"Observation_Test_id\":\"5-Fluorocytosine\"},\"Observation_method\":{},\"Observation_result_status\":\"F\",\"Observation_date_and_time\":20121215111300,\"Abnormal_flags\":\"H\"}"
               }
            },
            {  
               "timeStamp":20110620233535,
               "observationDetails":{  
                  "UrineAnalysis":"{\"Value_type\":\"NM\",\"Sequence_No\":1,\"Result_units_of_measurement\":\"mg/dL\",\"Observation_value\":250,\"Result_unit_reference_range\":\"0 - 0.80\",\"Observation_sub_id\":1,\"Observation_identifier\":{\"Observation_Text\":\"GLU\",\"Observation_Test_id\":\"5-Fluorocytosine\"},\"Observation_method\":{},\"Observation_result_status\":\"F\",\"Observation_date_and_time\":20121215111300,\"Abnormal_flags\":\"H\"}"
               }
            },
            {  
               "timeStamp":20110620233535,
               "observationDetails":{  
                  "UrineAnalysis":"{\"Value_type\":[\"NM\",\"ST\"],\"Sequence_No\":[1,2],\"Result_units_of_measurement\":\"mg/dL\",\"Observation_value\":[250,90],\"Result_unit_reference_range\":[\"0 - 0.80\",\"20 - 80\"],\"Observation_sub_id\":[1,1],\"Observation_identifier\":[{\"Observation_Text\":\"GLU\",\"Observation_Test_id\":\"5-Fluorocytosine\"},{\"Observation_Text\":\"KET\",\"Observation_Test_id\":\"Ketones^post CFst\"}],\"Observation_method\":[{},{}],\"Observation_result_status\":[\"F\",\"F\"],\"Observation_date_and_time\":[20121215111300,20121215111300],\"Abnormal_flags\":[\"H\",\"NEG\"]}"
               }
            },
            {  
               "timeStamp":20110620233535,
               "observationDetails":{  
                  "UrineAnalysis":"{\"Value_type\":[\"NM\",\"ST\",\"ST\"],\"Sequence_No\":[1,2,3],\"Result_units_of_measurement\":\"mg/dL\",\"Observation_value\":[250,90,1.04],\"Result_unit_reference_range\":[\"0 - 0.80\",\"20 - 80\",\"1.002 - 1.030\"],\"Observation_sub_id\":[1,1,1],\"Observation_identifier\":[{\"Observation_Text\":\"GLU\",\"Observation_Test_id\":\"5-Fluorocytosine\"},{\"Observation_Text\":\"KET\",\"Observation_Test_id\":\"Ketones^post CFst\"},{\"Observation_Text\":\"SG\",\"Observation_Test_id\":\"Specific gravity\"}],\"Observation_method\":[{},{},{}],\"Observation_result_status\":[\"F\",\"F\",\"F\"],\"Observation_date_and_time\":[20121215111300,20121215111300,20121215111300],\"Abnormal_flags\":[\"H\",\"NEG\",\"H\"]}"
               }
            },
            {  
               "timeStamp":20110620233535,
               "observationDetails":{  
                  "UrineAnalysis":"{\"Value_type\":\"ST\",\"Sequence_No\":2,\"Observation_value\":90,\"Result_unit_reference_range\":\"20 - 80\",\"Observation_sub_id\":1,\"Observation_identifier\":{\"Observation_Text\":\"KET\",\"Observation_Test_id\":\"Ketones^post CFst\"},\"Observation_method\":{},\"Observation_result_status\":\"F\",\"Observation_date_and_time\":20121215111300,\"Abnormal_flags\":\"NEG\"}"
               }
            },
            {  
               "timeStamp":20110620233535,
               "observationDetails":{  
                  "UrineAnalysis":"{\"Value_type\":\"ST\",\"Sequence_No\":3,\"Observation_value\":1.04,\"Result_unit_reference_range\":\"1.002 - 1.030\",\"Observation_sub_id\":1,\"Observation_identifier\":{\"Observation_Text\":\"SG\",\"Observation_Test_id\":\"Specific gravity\"},\"Observation_method\":{},\"Observation_result_status\":\"F\",\"Observation_date_and_time\":20121215111300,\"Abnormal_flags\":\"H\"}"
               }
            },
            {  
               "timeStamp":20110811114354,
               "observationDetails":{  
                  "UrineAnalysis":"{\"Value_type\":\"NM\",\"Sequence_No\":1,\"Result_units_of_measurement\":\"mg/dL\",\"Observation_value\":250,\"Result_unit_reference_range\":\"0 - 0.80\",\"Observation_sub_id\":0.55,\"Observation_identifier\":{\"Observation_Text\":\"GLU\",\"Observation_Test_id\":\"5-Fluorocytosine\"},\"Observation_method\":{},\"Observation_result_status\":\"F\",\"Observation_date_and_time\":20121215111300,\"Abnormal_flags\":\"H\"}"
               }
            },
            {  
               "timeStamp":20110811114354,
               "observationDetails":{  
                  "UrineAnalysis":"{\"Value_type\":[\"NM\",\"ST\"],\"Sequence_No\":[1,2],\"Result_units_of_measurement\":\"mg/dL\",\"Observation_value\":[250,60],\"Result_unit_reference_range\":[\"0 - 0.80\",\"20 - 80\"],\"Observation_sub_id\":[0.55,1],\"Observation_identifier\":[{\"Observation_Text\":\"GLU\",\"Observation_Test_id\":\"5-Fluorocytosine\"},{\"Observation_Text\":\"KET\",\"Observation_Test_id\":\"Ketones^post CFst\"}],\"Observation_method\":[{},{}],\"Observation_result_status\":[\"F\",\"F\"],\"Observation_date_and_time\":[20121215111300,20121215111300],\"Abnormal_flags\":[\"H\",\"NEG\"]}"
               }
            },
            {  
               "timeStamp":20110811114354,
               "observationDetails":{  
                  "UrineAnalysis":"{\"Value_type\":[\"NM\",\"ST\",\"ST\"],\"Sequence_No\":[1,2,3],\"Result_units_of_measurement\":\"mg/dL\",\"Observation_value\":[250,60,1.07],\"Result_unit_reference_range\":[\"0 - 0.80\",\"20 - 80\",\"1.002 - 1.030\"],\"Observation_sub_id\":[0.55,1,1],\"Observation_identifier\":[{\"Observation_Text\":\"GLU\",\"Observation_Test_id\":\"5-Fluorocytosine\"},{\"Observation_Text\":\"KET\",\"Observation_Test_id\":\"Ketones^post CFst\"},{\"Observation_Text\":\"SG\",\"Observation_Test_id\":\"Specific gravity\"}],\"Observation_method\":[{},{},{}],\"Observation_result_status\":[\"F\",\"F\",\"F\"],\"Observation_date_and_time\":[20121215111300,20121215111300,20121215111300],\"Abnormal_flags\":[\"H\",\"NEG\",\"H\"]}"
               }
            },
            {  
               "timeStamp":20110811114354,
               "observationDetails":{  
                  "UrineAnalysis":"{\"Value_type\":\"ST\",\"Sequence_No\":2,\"Observation_value\":60,\"Result_unit_reference_range\":\"20 - 80\",\"Observation_sub_id\":1,\"Observation_identifier\":{\"Observation_Text\":\"KET\",\"Observation_Test_id\":\"Ketones^post CFst\"},\"Observation_method\":{},\"Observation_result_status\":\"F\",\"Observation_date_and_time\":20121215111300,\"Abnormal_flags\":\"NEG\"}"
               }
            },
            {  
               "timeStamp":20110811114354,
               "observationDetails":{  
                  "UrineAnalysis":"{\"Value_type\":\"ST\",\"Sequence_No\":3,\"Observation_value\":1.07,\"Result_unit_reference_range\":\"1.002 - 1.030\",\"Observation_sub_id\":1,\"Observation_identifier\":{\"Observation_Text\":\"SG\",\"Observation_Test_id\":\"Specific gravity\"},\"Observation_method\":{},\"Observation_result_status\":\"F\",\"Observation_date_and_time\":20121215111300,\"Abnormal_flags\":\"H\"}"
               }
            }
         ]
      }
   },
   "flagDetails":{  
      "Other Parts":"R"
   }
}