{  
   "customerid":"ACH8305371",
   "flags":{  
      "Buttocks":"R",
      "Shoulder_s":"R",
      "Back_Upper":"R",
      "Brain":"G",
      "Chest":"G",
      "Eye_s":"G",
      "Back_Lower":"G",
      "Thumb":"G",
      "Teeth":"R",
      "Finger_s":"R",
      "Hand":"R",
      "Hip":"R",
      "Abdomen":"G",
      "Ankle":"G",
      "Wrist":"R",
      "Head_Soft_Tissue":"G",
      "Arm_Upper":"G",
      "Leg_Lower":"G",
      "Neck_Soft_Tissue":"G"
   },
   "reportlist":[  
      {  
         "OBX_Lipid_20100518161040":"{\"Observation_identifier\": {\"Observation_identifier.1\": \"13457-7\",\"Observation_identifier.2\": \"LDL Cholesterol\",\"Observation_identifier.3\": \"LN\"},\"Observation_value\": 90,\"Result_unit_reference_range\": \"< 99\",\"Result_units_of_measurement\": \"mg\/dL\",\"Sequence_number\": 1,\"Sequence_number1\": \"F\",\"Sequence_number6\": {\"Sequence_number6.2\": \"DOE\",\"Sequence_number6.3\": \"JOHN\"},\"Value_type\": \"NM\",\"Value_type3\": {\"Value_type3.1\": \"AccuLabs\",\"Value_type3.10\": \"10D987432\",\"Value_type3.6\": \"CLIA\"},\"Value_type4\": {\"Value_type4.1\": \"432 Administration Ave.\",\"Value_type4.3\": \"St. Louis\",\"Value_type4.4\": \"MO\",\"Value_type4.5\": 63146},\"Value_type5\": {\"Value_type5.2\": \"Smith\",\"Value_type5.3\": \"John\",\"Value_type5.6\": \"Dr.\",\"Value_type5.7\": \"MD\"}}"
      },
      {  
         "OBX_Lipid_20100518161040":"{\"Abnormal_flags\": \"H\",\"Observation_identifier\": {\"Observation_identifier.1\": \"14646-4\",\"Observation_identifier.2\": \"HDL Cholesterol\",\"Observation_identifier.3\": \"LN\"},\"Observation_value\": 60,\"Result_unit_reference_range\": \"40-59\",\"Result_units_of_measurement\": \"mg\/dL\",\"Sequence_number\": 2,\"Sequence_number1\": \"F\",\"Sequence_number6\": {\"Sequence_number6.2\": \"DOE\",\"Sequence_number6.3\": \"JOHN\"},\"Value_type\": \"NM\",\"Value_type3\": {\"Value_type3.1\": \"AccuLabs\",\"Value_type3.10\": \"10D987432\",\"Value_type3.6\": \"CLIA\"},\"Value_type4\": {\"Value_type4.1\": \"432 Administration Ave.\",\"Value_type4.3\": \"St. Louis\",\"Value_type4.4\": \"MO\",\"Value_type4.5\": 63146},\"Value_type5\": {\"Value_type5.2\": \"Smith\",\"Value_type5.3\": \"John\",\"Value_type5.6\": \"Dr.\",\"Value_type5.7\": \"MD\"}}"
      },
      {  
         "OBX_Lipid_20100518161040":"{\"Observation_identifier\": {\"Observation_identifier.1\": \"14647-2\",\"Observation_identifier.2\": \"Total Cholesterol\",\"Observation_identifier.3\": \"LN\"},\"Observation_value\": 120,\"Result_unit_reference_range\": \"< 199\",\"Result_units_of_measurement\": \"mg\/dL\",\"Sequence_number\": 3,\"Sequence_number1\": \"F\",\"Sequence_number6\": {\"Sequence_number6.2\": \"DOE\",\"Sequence_number6.3\": \"JOHN\"},\"Value_type\": \"NM\",\"Value_type3\": {\"Value_type3.1\": \"AccuLabs\",\"Value_type3.10\": \"10D987432\",\"Value_type3.6\":\"0\",\"Value_type4.4\": \"MO\",\"Value_type4.5\": 63146},\"Value_type5\": {\"Value_type5.2\": \"Smith\",\"Value_type5.3\": \"John\",\"Value_type5.6\": \"Dr.\",\"Value_type5.7\": \"MD\"}}"
      },
      {  
         "OBX_Lipid_20100518161040":"{\"Observation_identifier\": {\"Observation_identifier.1\": \"14927-8\",\"Observation_identifier.2\": \"Triglycerides\",\"Observation_identifier.3\": \"LN\"},\"Observation_value\": 100,\"Result_unit_reference_range\": \"< 149\",\"Result_units_of_measurement\": \"mg\/dL\",\"Sequence_number\": 4,\"Sequence_number1\": \"F\",\"Sequence_number6\": {\"Sequence_number6.2\": \"DOE\",\"Sequence_number6.3\": \"JOHN\"},\"Value_type\": \"NM\",\"Value_type3\": {\"Value_type3.1\": \"AccuLabs\",\"Value_type3.10\": \"10D987432\",\"Value_type3.6\": \"CLIA\"},\"Value_type4\": {\"Value_type4.1\": \"432 Administration Ave.\",\"Value_type4.3\": \"St. Louis\",\"Value_type4.4\": \"MO\",\"Value_type4.5\": 63146},\"Value_type5\": {\"Value_type5.2\": \"Smith\",\"Value_type5.3\": \"John\",\"Value_type5.6\": \"Dr.\",\"Value_type5.7\": \"MD\"}}"
      }
   ]
}